Device_id,Model ID,Task ID,Stream ID,Op Name,OP Type,OP State,Task Type,Task Start Time(us),Task Duration(us),Task Wait Time(us),Block Num,Mix Block Num,HF32 Eligible,Input Shapes,Input Data Types,Input Formats,Output Shapes,Output Data Types,Output Formats,Context ID,aicore_time(us),aic_total_cycles,aic_mac_time(us),aic_mac_ratio,aic_scalar_time(us),aic_scalar_ratio,aic_mte1_time(us),aic_mte1_ratio,aic_mte2_time(us),aic_mte2_ratio,aic_fixpipe_time(us),aic_fixpipe_ratio,aic_icache_miss_rate,aiv_time(us),aiv_total_cycles,aiv_vec_time(us),aiv_vec_ratio,aiv_scalar_time(us),aiv_scalar_ratio,aiv_mte2_time(us),aiv_mte2_ratio,aiv_mte3_time(us),aiv_mte3_ratio,aiv_icache_miss_rate,cube_utilization(%)
0,4294967295,23,46,aclnnAddmm_MatMulCommon_MatMulV2,MatMulV2,dynamic,AI_CORE,1780295077844859.030	,6.700,0,16,0,NO,"""32,1024;1024,1024;1024""",FLOAT;FLOAT;FLOAT,ND;ND;ND,"""32,1024""",FLOAT,ND,N/A,5.512,158758,1.537,0.279,2.664,0.483,1.652,0.3,2.048,0.372,0.181,0.033,0.0,0.0,0,0.0,0.0,0.0,0.0,0.0,0.0,0.0,0.0,0.0,65.820
0,4294967295,24,46,aclnnGelu_Gelu_Gelu,Gelu,dynamic,AI_VECTOR_CORE,1780295077845035.330	,2.700,169.550000,32,0,NO,"""32,1024""",FLOAT,ND,"""32,1024""",FLOAT,ND,N/A,0.0,0,0.0,0.0,0.0,0.0,0.0,0.0,0.0,0.0,0.0,0.0,0.0,1.265,72874,0.193,0.152,0.741,0.586,0.138,0.109,0.146,0.116,0.0,0.000
0,4294967295,25,46,aclnnAddmm_MatMulCommon_MatMulV2,MatMulV2,dynamic,AI_CORE,1780295077845342.430	,7.100,304.550000,16,0,NO,"""32,1024;1024,1024;1024""",FLOAT;FLOAT;FLOAT,ND;ND;ND,"""32,1024""",FLOAT,ND,N/A,5.743,165388,1.539,0.268,2.867,0.499,1.652,0.288,2.064,0.359,0.184,0.032,0.0,0.0,0,0.0,0.0,0.0,0.0,0.0,0.0,0.0,0.0,0.0,64.706
0,4294967295,26,46,aclnnGelu_Gelu_Gelu,Gelu,dynamic,AI_VECTOR_CORE,1780295077845522.510	,2.440,172.900000,32,0,NO,"""32,1024""",FLOAT,ND,"""32,1024""",FLOAT,ND,N/A,0.0,0,0.0,0.0,0.0,0.0,0.0,0.0,0.0,0.0,0.0,0.0,0.0,1.174,67620,0.193,0.164,0.652,0.556,0.134,0.114,0.149,0.127,0.0,0.000
0,4294967295,27,46,aclnnAddmm_MatMulCommon_MatMulV2,MatMulV2,dynamic,AI_CORE,1780295077845822.650	,6.820,297.810000,16,0,NO,"""32,1024;1024,1024;1024""",FLOAT;FLOAT;FLOAT,ND;ND;ND,"""32,1024""",FLOAT,ND,N/A,5.572,160485,1.537,0.276,2.738,0.491,1.652,0.296,2.035,0.365,0.185,0.033,0.0,0.0,0,0.0,0.0,0.0,0.0,0.0,0.0,0.0,0.0,0.0,65.365
0,4294967295,28,46,aclnnGelu_Gelu_Gelu,Gelu,dynamic,AI_VECTOR_CORE,1780295077845988.430	,2.760,158.930000,32,0,NO,"""32,1024""",FLOAT,ND,"""32,1024""",FLOAT,ND,N/A,0.0,0,0.0,0.0,0.0,0.0,0.0,0.0,0.0,0.0,0.0,0.0,0.0,1.273,73312,0.193,0.151,0.763,0.599,0.126,0.099,0.145,0.114,0.0,0.000
0,4294967295,29,46,aclnnAddmm_MatMulCommon_MatMulV2,MatMulV2,dynamic,AI_CORE,1780295077846299.450	,7.120,308.240000,16,0,NO,"""32,1024;1024,1024;1024""",FLOAT;FLOAT;FLOAT,ND;ND;ND,"""32,1024""",FLOAT,ND,N/A,5.801,167059,1.539,0.265,2.898,0.5,1.652,0.285,2.103,0.363,0.178,0.031,0.0,0.0,0,0.0,0.0,0.0,0.0,0.0,0.0,0.0,0.0,0.0,65.176
0,4294967295,30,46,aclnnAddmm_MatMulCommon_MatMulV2,MatMulV2,dynamic,AI_CORE,1780295077847109.390	,6.860,802.880000,16,0,NO,"""32,1024;1024,1024;1024""",FLOAT;FLOAT;FLOAT,ND;ND;ND,"""32,1024""",FLOAT,ND,N/A,5.54,159550,1.538,0.278,2.712,0.49,1.652,0.298,2.025,0.365,0.18,0.033,0.0,0.0,0,0.0,0.0,0.0,0.0,0.0,0.0,0.0,0.0,0.0,64.606
0,4294967295,31,46,aclnnGelu_Gelu_Gelu,Gelu,dynamic,AI_VECTOR_CORE,1780295077847276.870	,2.520,160.390000,32,0,NO,"""32,1024""",FLOAT,ND,"""32,1024""",FLOAT,ND,N/A,0.0,0,0.0,0.0,0.0,0.0,0.0,0.0,0.0,0.0,0.0,0.0,0.0,1.199,69076,0.193,0.161,0.665,0.554,0.147,0.123,0.147,0.123,0.0,0.000
0,4294967295,32,46,aclnnAddmm_MatMulCommon_MatMulV2,MatMulV2,dynamic,AI_CORE,1780295077847589.190	,6.740,309.980000,16,0,NO,"""32,1024;1024,1024;1024""",FLOAT;FLOAT;FLOAT,ND;ND;ND,"""32,1024""",FLOAT,ND,N/A,5.561,160163,1.538,0.277,2.702,0.486,1.652,0.297,2.06,0.37,0.181,0.033,0.0,0.0,0,0.0,0.0,0.0,0.0,0.0,0.0,0.0,0.0,0.0,66.008
0,4294967295,33,46,aclnnGelu_Gelu_Gelu,Gelu,dynamic,AI_VECTOR_CORE,1780295077847755.890	,2.480,160.010000,32,0,NO,"""32,1024""",FLOAT,ND,"""32,1024""",FLOAT,ND,N/A,0.0,0,0.0,0.0,0.0,0.0,0.0,0.0,0.0,0.0,0.0,0.0,0.0,1.149,66171,0.193,0.168,0.636,0.554,0.126,0.11,0.146,0.127,0.0,0.000
0,4294967295,34,46,aclnnAddmm_MatMulCommon_MatMulV2,MatMulV2,dynamic,AI_CORE,1780295077848077.230	,6.660,318.770000,16,0,NO,"""32,1024;1024,1024;1024""",FLOAT;FLOAT;FLOAT,ND;ND;ND,"""32,1024""",FLOAT,ND,N/A,5.414,155927,1.536,0.284,2.551,0.471,1.652,0.305,2.063,0.381,0.184,0.034,0.0,0.0,0,0.0,0.0,0.0,0.0,0.0,0.0,0.0,0.0,0.0,65.035
0,4294967295,35,46,aclnnGelu_Gelu_Gelu,Gelu,dynamic,AI_VECTOR_CORE,1780295077848233.190	,2.340,149.340000,32,0,NO,"""32,1024""",FLOAT,ND,"""32,1024""",FLOAT,ND,N/A,0.0,0,0.0,0.0,0.0,0.0,0.0,0.0,0.0,0.0,0.0,0.0,0.0,1.084,62440,0.193,0.178,0.57,0.526,0.127,0.117,0.146,0.135,0.0,0.000
0,4294967295,36,46,aclnnAddmm_MatMulCommon_MatMulV2,MatMulV2,dynamic,AI_CORE,1780295077848559.030	,6.760,323.410000,16,0,NO,"""32,1024;1024,1024;1024""",FLOAT;FLOAT;FLOAT,ND;ND;ND,"""32,1024""",FLOAT,ND,N/A,5.559,160108,1.535,0.276,2.719,0.489,1.652,0.297,2.04,0.367,0.182,0.033,0.0,0.0,0,0.0,0.0,0.0,0.0,0.0,0.0,0.0,0.0,0.0,65.791
0,4294967295,37,46,aclnnAddmm_MatMulCommon_MatMulV2,MatMulV2,dynamic,AI_CORE,1780295077849351.930	,6.740,786.240000,16,0,NO,"""32,1024;1024,1024;1024""",FLOAT;FLOAT;FLOAT,ND;ND;ND,"""32,1024""",FLOAT,ND,N/A,5.506,158578,1.537,0.279,2.697,0.49,1.652,0.3,2.003,0.364,0.186,0.034,0.0,0.0,0,0.0,0.0,0.0,0.0,0.0,0.0,0.0,0.0,0.0,65.355
0,4294967295,38,46,aclnnGelu_Gelu_Gelu,Gelu,dynamic,AI_VECTOR_CORE,1780295077849505.310	,2.300,146.510000,32,0,NO,"""32,1024""",FLOAT,ND,"""32,1024""",FLOAT,ND,N/A,0.0,0,0.0,0.0,0.0,0.0,0.0,0.0,0.0,0.0,0.0,0.0,0.0,1.045,60190,0.193,0.184,0.532,0.509,0.128,0.123,0.147,0.141,0.0,0.000
0,4294967295,39,46,aclnnAddmm_MatMulCommon_MatMulV2,MatMulV2,dynamic,AI_CORE,1780295077849813.810	,6.640,306.200000,16,0,NO,"""32,1024;1024,1024;1024""",FLOAT;FLOAT;FLOAT,ND;ND;ND,"""32,1024""",FLOAT,ND,N/A,5.429,156357,1.539,0.284,2.539,0.468,1.652,0.304,2.087,0.384,0.179,0.033,0.0,0.0,0,0.0,0.0,0.0,0.0,0.0,0.0,0.0,0.0,0.0,65.410
0,4294967295,40,46,aclnnGelu_Gelu_Gelu,Gelu,dynamic,AI_VECTOR_CORE,1780295077849985.930	,2.520,165.610000,32,0,NO,"""32,1024""",FLOAT,ND,"""32,1024""",FLOAT,ND,N/A,0.0,0,0.0,0.0,0.0,0.0,0.0,0.0,0.0,0.0,0.0,0.0,0.0,1.2,69098,0.193,0.161,0.658,0.549,0.151,0.126,0.152,0.127,0.0,0.000
0,4294967295,41,46,aclnnAddmm_MatMulCommon_MatMulV2,MatMulV2,dynamic,AI_CORE,1780295077850283.230	,7.060,294.730000,16,0,NO,"""32,1024;1024,1024;1024""",FLOAT;FLOAT;FLOAT,ND;ND;ND,"""32,1024""",FLOAT,ND,N/A,5.619,161814,1.536,0.273,2.746,0.489,1.652,0.294,2.072,0.369,0.183,0.033,0.0,0.0,0,0.0,0.0,0.0,0.0,0.0,0.0,0.0,0.0,0.0,63.666
0,4294967295,42,46,aclnnGelu_Gelu_Gelu,Gelu,dynamic,AI_VECTOR_CORE,1780295077850451.090	,2.460,160.690000,32,0,NO,"""32,1024""",FLOAT,ND,"""32,1024""",FLOAT,ND,N/A,0.0,0,0.0,0.0,0.0,0.0,0.0,0.0,0.0,0.0,0.0,0.0,0.0,1.135,65386,0.193,0.17,0.62,0.546,0.128,0.113,0.148,0.13,0.0,0.000
0,4294967295,43,46,aclnnAddmm_MatMulCommon_MatMulV2,MatMulV2,dynamic,AI_CORE,1780295077850759.950	,6.680,306.540000,16,0,NO,"""32,1024;1024,1024;1024""",FLOAT;FLOAT;FLOAT,ND;ND;ND,"""32,1024""",FLOAT,ND,N/A,5.472,157594,1.538,0.281,2.587,0.473,1.652,0.302,2.076,0.379,0.189,0.034,0.0,0.0,0,0.0,0.0,0.0,0.0,0.0,0.0,0.0,0.0,0.0,65.533
0,4294967295,44,46,aclnnAddmm_MatMulCommon_MatMulV2,MatMulV2,dynamic,AI_CORE,1780295077851500.070	,6.800,733.320000,16,0,NO,"""32,1024;1024,1024;1024""",FLOAT;FLOAT;FLOAT,ND;ND;ND,"""32,1024""",FLOAT,ND,N/A,5.567,160337,1.537,0.276,2.749,0.494,1.652,0.297,2.02,0.363,0.183,0.033,0.0,0.0,0,0.0,0.0,0.0,0.0,0.0,0.0,0.0,0.0,0.0,65.497
0,4294967295,45,46,aclnnGelu_Gelu_Gelu,Gelu,dynamic,AI_VECTOR_CORE,1780295077851671.890	,2.500,165.200000,32,0,NO,"""32,1024""",FLOAT,ND,"""32,1024""",FLOAT,ND,N/A,0.0,0,0.0,0.0,0.0,0.0,0.0,0.0,0.0,0.0,0.0,0.0,0.0,1.193,68727,0.193,0.162,0.659,0.552,0.148,0.124,0.146,0.123,0.0,0.000
0,4294967295,46,46,aclnnAddmm_MatMulCommon_MatMulV2,MatMulV2,dynamic,AI_CORE,1780295077852007.610	,6.480,333.000000,16,0,NO,"""32,1024;1024,1024;1024""",FLOAT;FLOAT;FLOAT,ND;ND;ND,"""32,1024""",FLOAT,ND,N/A,5.433,156469,1.539,0.283,2.602,0.479,1.652,0.304,2.027,0.373,0.178,0.033,0.0,0.0,0,0.0,0.0,0.0,0.0,0.0,0.0,0.0,0.0,0.0,67.073
0,4294967295,47,46,aclnnGelu_Gelu_Gelu,Gelu,dynamic,AI_VECTOR_CORE,1780295077852309.490	,2.360,295.520000,32,0,NO,"""32,1024""",FLOAT,ND,"""32,1024""",FLOAT,ND,N/A,0.0,0,0.0,0.0,0.0,0.0,0.0,0.0,0.0,0.0,0.0,0.0,0.0,1.114,64166,0.193,0.173,0.589,0.529,0.139,0.125,0.146,0.131,0.0,0.000
0,4294967295,48,46,aclnnAddmm_MatMulCommon_MatMulV2,MatMulV2,dynamic,AI_CORE,1780295077852602.990	,6.960,291.140000,16,0,NO,"""32,1024;1024,1024;1024""",FLOAT;FLOAT;FLOAT,ND;ND;ND,"""32,1024""",FLOAT,ND,N/A,5.626,162028,1.537,0.273,2.79,0.496,1.652,0.294,2.041,0.363,0.18,0.032,0.0,0.0,0,0.0,0.0,0.0,0.0,0.0,0.0,0.0,0.0,0.0,64.666
0,4294967295,49,46,aclnnGelu_Gelu_Gelu,Gelu,dynamic,AI_VECTOR_CORE,1780295077852776.730	,2.540,166.790000,32,0,NO,"""32,1024""",FLOAT,ND,"""32,1024""",FLOAT,ND,N/A,0.0,0,0.0,0.0,0.0,0.0,0.0,0.0,0.0,0.0,0.0,0.0,0.0,1.238,71318,0.193,0.156,0.683,0.552,0.153,0.123,0.165,0.133,0.0,0.000
0,4294967295,50,46,aclnnAddmm_MatMulCommon_MatMulV2,MatMulV2,dynamic,AI_CORE,1780295077853071.390	,6.760,292.210000,16,0,NO,"""32,1024;1024,1024;1024""",FLOAT;FLOAT;FLOAT,ND;ND;ND,"""32,1024""",FLOAT,ND,N/A,5.469,157520,1.541,0.282,2.634,0.482,1.652,0.302,2.03,0.371,0.181,0.033,0.0,0.0,0,0.0,0.0,0.0,0.0,0.0,0.0,0.0,0.0,0.0,64.727
0,4294967295,51,46,aclnnAddmm_MatMulCommon_MatMulV2,MatMulV2,dynamic,AI_CORE,1780295077853800.130	,6.780,721.990000,16,0,NO,"""32,1024;1024,1024;1024""",FLOAT;FLOAT;FLOAT,ND;ND;ND,"""32,1024""",FLOAT,ND,N/A,5.499,158378,1.536,0.279,2.675,0.486,1.652,0.3,2.024,0.368,0.184,0.033,0.0,0.0,0,0.0,0.0,0.0,0.0,0.0,0.0,0.0,0.0,0.0,64.888
0,4294967295,52,46,aclnnGelu_Gelu_Gelu,Gelu,dynamic,AI_VECTOR_CORE,1780295077853979.250	,2.680,172.220000,32,0,NO,"""32,1024""",FLOAT,ND,"""32,1024""",FLOAT,ND,N/A,0.0,0,0.0,0.0,0.0,0.0,0.0,0.0,0.0,0.0,0.0,0.0,0.0,1.236,71166,0.193,0.156,0.705,0.571,0.142,0.115,0.15,0.121,0.0,0.000
0,4294967295,53,46,aclnnAddmm_MatMulCommon_MatMulV2,MatMulV2,dynamic,AI_CORE,1780295077854283.350	,7.040,301.320000,16,0,NO,"""32,1024;1024,1024;1024""",FLOAT;FLOAT;FLOAT,ND;ND;ND,"""32,1024""",FLOAT,ND,N/A,5.673,163396,1.537,0.271,2.825,0.498,1.652,0.291,2.043,0.36,0.182,0.032,0.0,0.0,0,0.0,0.0,0.0,0.0,0.0,0.0,0.0,0.0,0.0,64.471
0,4294967295,54,46,aclnnGelu_Gelu_Gelu,Gelu,dynamic,AI_VECTOR_CORE,1780295077854449.310	,2.500,158.960000,32,0,NO,"""32,1024""",FLOAT,ND,"""32,1024""",FLOAT,ND,N/A,0.0,0,0.0,0.0,0.0,0.0,0.0,0.0,0.0,0.0,0.0,0.0,0.0,1.164,67043,0.193,0.166,0.639,0.549,0.136,0.116,0.149,0.128,0.0,0.000
0,4294967295,55,46,aclnnAddmm_MatMulCommon_MatMulV2,MatMulV2,dynamic,AI_CORE,1780295077854753.710	,6.740,302.000000,16,0,NO,"""32,1024;1024,1024;1024""",FLOAT;FLOAT;FLOAT,ND;ND;ND,"""32,1024""",FLOAT,ND,N/A,5.586,160868,1.538,0.275,2.672,0.478,1.652,0.296,2.12,0.38,0.178,0.032,0.0,0.0,0,0.0,0.0,0.0,0.0,0.0,0.0,0.0,0.0,0.0,66.299
0,4294967295,56,46,aclnnGelu_Gelu_Gelu,Gelu,dynamic,AI_VECTOR_CORE,1780295077854916.990	,2.720,156.510000,32,0,NO,"""32,1024""",FLOAT,ND,"""32,1024""",FLOAT,ND,N/A,0.0,0,0.0,0.0,0.0,0.0,0.0,0.0,0.0,0.0,0.0,0.0,0.0,1.268,73014,0.193,0.152,0.751,0.592,0.131,0.103,0.146,0.115,0.0,0.000
0,4294967295,57,46,aclnnAddmm_MatMulCommon_MatMulV2,MatMulV2,dynamic,AI_CORE,1780295077855213.570	,7.060,293.780000,16,0,NO,"""32,1024;1024,1024;1024""",FLOAT;FLOAT;FLOAT,ND;ND;ND,"""32,1024""",FLOAT,ND,N/A,5.711,164466,1.536,0.269,2.885,0.505,1.652,0.289,2.026,0.355,0.179,0.031,0.0,0.0,0,0.0,0.0,0.0,0.0,0.0,0.0,0.0,0.0,0.0,64.710
